Enter date: 02/26/2011
02/26/2011 is a Saturday
Enter date: 11/01/1984
11/01/1984 is a Thursday
Enter date: 11/19/2014
11/19/2014 is a Wednesday
Enter date: 11/20/2014
11/20/2014 is a Thursday
Enter date: 11/21/2014
11/21/2014 is a Friday
Enter date: 11/22/2014
11/22/2014 is a Saturday
Enter date: 11/23/2014
11/23/2014 is a Sunday
Enter date: 11/24/2014
11/24/2014 is a Monday
Enter date: 11/25/2014
11/25/2014 is a Tuesday
Enter date: 12/25/0001
12/25/0001 is a Tuesday
Enter date: 02/14/1655
02/14/1655 is a Sunday
Enter date: 06/01/1950
06/01/1950 is a Thursday
Enter date: 08/17/2250
08/17/2250 is a Saturday
Enter date: 02/29/2012
02/29/2012 is a Wednesday
Enter date: 01/01/0001
01/01/0001 is a Monday
Enter date: 00/00/0000
